{
    "initial": {
        "imageloss": 0.02056718058884144,
        "iou": 0.018980076536536217
    },
    "niters": 683,
    "predicted": {
        "imageloss": 0.0003284429549239576,
        "iou": 0.19805271923542023
    }
}