{
    "initial": {
        "imageloss": 0.0037405253387987614,
        "iou": 1.0
    },
    "niters": 265,
    "predicted": {
        "imageloss": 0.0002706341037992388,
        "iou": 1.0
    }
}