{
    "initial": {
        "imageloss": 0.04171553626656532,
        "iou": 0.022353285923600197
    },
    "niters": 317,
    "predicted": {
        "imageloss": 0.0011772672878578305,
        "iou": 0.14175359904766083
    }
}