{
    "initial": {
        "imageloss": 0.0403745174407959,
        "iou": 0.022353285923600197
    },
    "niters": 260,
    "predicted": {
        "imageloss": 0.0018042465671896935,
        "iou": 0.11081212013959885
    }
}