{
    "initial": {
        "imageloss": 0.03557804599404335,
        "iou": 0.04477743059396744
    },
    "niters": 672,
    "predicted": {
        "imageloss": 0.0012411812786012888,
        "iou": 0.24780096113681793
    }
}