{
    "initial": {
        "imageloss": 0.04173186048865318,
        "iou": 0.022353285923600197
    },
    "niters": 262,
    "predicted": {
        "imageloss": 0.0016664729919284582,
        "iou": 0.142556294798851
    }
}