{
    "initial": {
        "imageloss": 0.04035675525665283,
        "iou": 0.022353285923600197
    },
    "niters": 287,
    "predicted": {
        "imageloss": 0.0012946160277351737,
        "iou": 0.13940325379371643
    }
}