{
    "initial": {
        "imageloss": 0.020584866404533386,
        "iou": 0.018980076536536217
    },
    "niters": 777,
    "predicted": {
        "imageloss": 0.00503083411604166,
        "iou": 0.0831746831536293
    }
}