{
    "initial": {
        "imageloss": 0.04174603521823883,
        "iou": 0.022353285923600197
    },
    "niters": 866,
    "predicted": {
        "imageloss": 0.001257393741980195,
        "iou": 0.1875828355550766
    }
}