{
    "initial": {
        "imageloss": 0.29825329780578613,
        "iou": 0.002090238034725189
    },
    "niters": 706,
    "predicted": {
        "imageloss": 0.020126260817050934,
        "iou": 0.08745882660150528
    }
}