{
    "initial": {
        "imageloss": 0.02193034067749977,
        "iou": 0.013443871401250362
    },
    "niters": 229,
    "predicted": {
        "imageloss": 0.004090701695531607,
        "iou": 0.06057526916265488
    }
}