{
    "initial": {
        "imageloss": 0.02275366708636284,
        "iou": 0.06222531571984291
    },
    "niters": 152,
    "predicted": {
        "imageloss": 0.0036169779486954212,
        "iou": 0.05557038262486458
    }
}