{
    "initial": {
        "imageloss": 0.035581398755311966,
        "iou": 0.04477743059396744
    },
    "niters": 305,
    "predicted": {
        "imageloss": 0.005016791634261608,
        "iou": 0.14576900005340576
    }
}