{
    "initial": {
        "imageloss": 0.08262473344802856,
        "iou": 0.04477743059396744
    },
    "niters": 1109,
    "predicted": {
        "imageloss": 0.003851045621559024,
        "iou": 0.2638600468635559
    }
}