{
    "initial": {
        "imageloss": 0.02055935375392437,
        "iou": 0.018980076536536217
    },
    "niters": 241,
    "predicted": {
        "imageloss": 0.0016944764647632837,
        "iou": 0.17515499889850616
    }
}