{
    "initial": {
        "imageloss": 0.035573810338974,
        "iou": 0.04477743059396744
    },
    "niters": 1815,
    "predicted": {
        "imageloss": 0.011420994065701962,
        "iou": 0.06726153939962387
    }
}