{
    "initial": {
        "imageloss": 0.049487583339214325,
        "iou": 0.018980076536536217
    },
    "niters": 891,
    "predicted": {
        "imageloss": 0.0007882240461185575,
        "iou": 0.2058367133140564
    }
}