{
    "initial": {
        "imageloss": 0.03585537523031235,
        "iou": 0.04477743059396744
    },
    "niters": 327,
    "predicted": {
        "imageloss": 0.0046089040115475655,
        "iou": 0.26584774255752563
    }
}