{
    "initial": {
        "imageloss": 0.041771050542593,
        "iou": 0.022353285923600197
    },
    "niters": 413,
    "predicted": {
        "imageloss": 0.0210567619651556,
        "iou": 0.07239224016666412
    }
}