{
    "initial": {
        "imageloss": 0.040345124900341034,
        "iou": 0.022353285923600197
    },
    "niters": 275,
    "predicted": {
        "imageloss": 0.0013185767456889153,
        "iou": 0.1352255791425705
    }
}