{
    "initial": {
        "imageloss": 0.035575203597545624,
        "iou": 0.04477743059396744
    },
    "niters": 700,
    "predicted": {
        "imageloss": 0.0009814598597586155,
        "iou": 0.35325318574905396
    }
}