{
    "initial": {
        "imageloss": 0.03557799756526947,
        "iou": 0.04477743059396744
    },
    "niters": 691,
    "predicted": {
        "imageloss": 0.0012380708940327168,
        "iou": 0.17116416990756989
    }
}