{
    "initial": {
        "imageloss": 0.041804876178503036,
        "iou": 0.022353285923600197
    },
    "niters": 851,
    "predicted": {
        "imageloss": 0.0007890170672908425,
        "iou": 0.08788517862558365
    }
}