{
    "initial": {
        "imageloss": 0.020580366253852844,
        "iou": 0.018980076536536217
    },
    "niters": 403,
    "predicted": {
        "imageloss": 0.0029376070015132427,
        "iou": 0.08863723278045654
    }
}