{
    "initial": {
        "imageloss": 0.03557386249303818,
        "iou": 0.04477743059396744
    },
    "niters": 814,
    "predicted": {
        "imageloss": 0.0012306685093790293,
        "iou": 0.15079616010189056
    }
}