{
    "initial": {
        "imageloss": 0.04177378490567207,
        "iou": 0.022353285923600197
    },
    "niters": 278,
    "predicted": {
        "imageloss": 0.0006078040460124612,
        "iou": 0.2560092508792877
    }
}