{
    "initial": {
        "imageloss": 0.03558743745088577,
        "iou": 0.04477743059396744
    },
    "niters": 323,
    "predicted": {
        "imageloss": 0.004413674119859934,
        "iou": 0.20390865206718445
    }
}