{
    "initial": {
        "imageloss": 0.03869380056858063,
        "iou": 0.022353285923600197
    },
    "niters": 237,
    "predicted": {
        "imageloss": 0.0006228853017091751,
        "iou": 0.15766456723213196
    }
}