{
    "initial": {
        "imageloss": 0.035570546984672546,
        "iou": 0.04477743059396744
    },
    "niters": 931,
    "predicted": {
        "imageloss": 0.00238898117095232,
        "iou": 0.1684940755367279
    }
}