{
    "initial": {
        "imageloss": 0.03558329865336418,
        "iou": 0.04477743059396744
    },
    "niters": 270,
    "predicted": {
        "imageloss": 0.0076290760189294815,
        "iou": 0.22892706096172333
    }
}