{
    "initial": {
        "imageloss": 0.0355609655380249,
        "iou": 0.04477743059396744
    },
    "niters": 716,
    "predicted": {
        "imageloss": 0.0007083722739480436,
        "iou": 0.19453032314777374
    }
}