{
    "initial": {
        "imageloss": 0.02049104869365692,
        "iou": 0.013443871401250362
    },
    "niters": 190,
    "predicted": {
        "imageloss": 0.0014193793758749962,
        "iou": 0.0606275275349617
    }
}