{
    "initial": {
        "imageloss": 0.04174286499619484,
        "iou": 0.022353285923600197
    },
    "niters": 301,
    "predicted": {
        "imageloss": 0.0010688239708542824,
        "iou": 0.15397654473781586
    }
}