{
    "initial": {
        "imageloss": 0.035573285073041916,
        "iou": 0.04477743059396744
    },
    "niters": 749,
    "predicted": {
        "imageloss": 0.0010220932308584452,
        "iou": 0.2665407955646515
    }
}