{
    "initial": {
        "imageloss": 0.03119499981403351,
        "iou": 0.018980076536536217
    },
    "niters": 788,
    "predicted": {
        "imageloss": 0.00026718288427218795,
        "iou": 0.05201445892453194
    }
}