{
    "initial": {
        "imageloss": 0.07418865710496902,
        "iou": 0.021832050755620003
    },
    "niters": 176,
    "predicted": {
        "imageloss": 0.019107796251773834,
        "iou": 0.061108365654945374
    }
}