{
    "initial": {
        "imageloss": 0.020554788410663605,
        "iou": 0.018980076536536217
    },
    "niters": 895,
    "predicted": {
        "imageloss": 0.00022127473494037986,
        "iou": 0.24808309972286224
    }
}