{
    "initial": {
        "imageloss": 0.04175940901041031,
        "iou": 0.022353285923600197
    },
    "niters": 668,
    "predicted": {
        "imageloss": 0.0011414821492508054,
        "iou": 0.08513347804546356
    }
}