{
    "initial": {
        "imageloss": 0.035588476806879044,
        "iou": 0.04477743059396744
    },
    "niters": 266,
    "predicted": {
        "imageloss": 0.006589651573449373,
        "iou": 0.23606666922569275
    }
}