{
    "initial": {
        "imageloss": 0.03560511767864227,
        "iou": 0.04477743059396744
    },
    "niters": 1376,
    "predicted": {
        "imageloss": 0.030361032113432884,
        "iou": 0.04967723786830902
    }
}