{
    "initial": {
        "imageloss": 0.04174727573990822,
        "iou": 0.022353285923600197
    },
    "niters": 329,
    "predicted": {
        "imageloss": 0.0038817233871668577,
        "iou": 0.03574341908097267
    }
}