{
    "initial": {
        "imageloss": 0.035584982484579086,
        "iou": 0.04477743059396744
    },
    "niters": 777,
    "predicted": {
        "imageloss": 0.000937604287173599,
        "iou": 0.3246285319328308
    }
}