{
    "initial": {
        "imageloss": 0.020560845732688904,
        "iou": 0.018980076536536217
    },
    "niters": 704,
    "predicted": {
        "imageloss": 0.00021356201614253223,
        "iou": 0.2481481432914734
    }
}