{
    "initial": {
        "imageloss": 0.02057585120201111,
        "iou": 0.018980076536536217
    },
    "niters": 639,
    "predicted": {
        "imageloss": 0.00029276381246745586,
        "iou": 0.21039298176765442
    }
}