{
    "initial": {
        "imageloss": 0.0037351271603256464,
        "iou": 1.0
    },
    "niters": 257,
    "predicted": {
        "imageloss": 0.00028322910657152534,
        "iou": 1.0
    }
}