{
    "initial": {
        "imageloss": 0.041765108704566956,
        "iou": 0.022353285923600197
    },
    "niters": 624,
    "predicted": {
        "imageloss": 0.0012780732940882444,
        "iou": 0.35152265429496765
    }
}