{
    "initial": {
        "imageloss": 0.0355830080807209,
        "iou": 0.04477743059396744
    },
    "niters": 1215,
    "predicted": {
        "imageloss": 0.004538312554359436,
        "iou": 0.23217065632343292
    }
}