{
    "initial": {
        "imageloss": 0.14564886689186096,
        "iou": 0.0035474267788231373
    },
    "niters": 519,
    "predicted": {
        "imageloss": 0.0161025058478117,
        "iou": 0.08054635673761368
    }
}