{
    "initial": {
        "imageloss": 0.021358629688620567,
        "iou": 0.03391765058040619
    },
    "niters": 240,
    "predicted": {
        "imageloss": 0.007231133058667183,
        "iou": 0.14534114301204681
    }
}