{
    "initial": {
        "imageloss": 0.021803125739097595,
        "iou": 0.013443871401250362
    },
    "niters": 281,
    "predicted": {
        "imageloss": 0.0016466111410409212,
        "iou": 0.08717931807041168
    }
}