{
    "initial": {
        "imageloss": 0.020488446578383446,
        "iou": 0.013443871401250362
    },
    "niters": 182,
    "predicted": {
        "imageloss": 0.0014261743053793907,
        "iou": 0.05782250687479973
    }
}