{
    "initial": {
        "imageloss": 0.03528980910778046,
        "iou": 0.022353285923600197
    },
    "niters": 843,
    "predicted": {
        "imageloss": 0.0013001593761146069,
        "iou": 0.20702673494815826
    }
}