{
    "initial": {
        "imageloss": 0.020564688369631767,
        "iou": 0.018980076536536217
    },
    "niters": 238,
    "predicted": {
        "imageloss": 0.0026589876506477594,
        "iou": 0.16519200801849365
    }
}