{
    "initial": {
        "imageloss": 0.03558753803372383,
        "iou": 0.04477743059396744
    },
    "niters": 673,
    "predicted": {
        "imageloss": 0.02259897068142891,
        "iou": 0.06483422964811325
    }
}