{
    "initial": {
        "imageloss": 0.0355733260512352,
        "iou": 0.04477743059396744
    },
    "niters": 297,
    "predicted": {
        "imageloss": 0.0061785634607076645,
        "iou": 0.08692952245473862
    }
}