{
    "initial": {
        "imageloss": 0.041729532182216644,
        "iou": 0.022353285923600197
    },
    "niters": 940,
    "predicted": {
        "imageloss": 0.0012561435578390956,
        "iou": 0.1654665470123291
    }
}