{
    "initial": {
        "imageloss": 0.0355849489569664,
        "iou": 0.04477743059396744
    },
    "niters": 1025,
    "predicted": {
        "imageloss": 0.002309691160917282,
        "iou": 0.18324607610702515
    }
}