{
    "initial": {
        "imageloss": 0.04173881560564041,
        "iou": 0.022353285923600197
    },
    "niters": 704,
    "predicted": {
        "imageloss": 0.0012402920983731747,
        "iou": 0.19133251905441284
    }
}