{
    "initial": {
        "imageloss": 0.0355890691280365,
        "iou": 0.04477743059396744
    },
    "niters": 1266,
    "predicted": {
        "imageloss": 0.00780600868165493,
        "iou": 0.1413276195526123
    }
}