{
    "initial": {
        "imageloss": 0.03557417541742325,
        "iou": 0.04477743059396744
    },
    "niters": 323,
    "predicted": {
        "imageloss": 0.004656299948692322,
        "iou": 0.26760461926460266
    }
}