{
    "initial": {
        "imageloss": 0.041752032935619354,
        "iou": 0.022353285923600197
    },
    "niters": 848,
    "predicted": {
        "imageloss": 0.0024519371800124645,
        "iou": 0.03442315757274628
    }
}