{
    "initial": {
        "imageloss": 0.0741734504699707,
        "iou": 0.021832050755620003
    },
    "niters": 182,
    "predicted": {
        "imageloss": 0.018070871010422707,
        "iou": 0.06498408317565918
    }
}