{
    "initial": {
        "imageloss": 0.03559064120054245,
        "iou": 0.04477743059396744
    },
    "niters": 321,
    "predicted": {
        "imageloss": 0.00398277398198843,
        "iou": 0.2844592034816742
    }
}