{
    "initial": {
        "imageloss": 0.02050282619893551,
        "iou": 0.013443871401250362
    },
    "niters": 181,
    "predicted": {
        "imageloss": 0.0013089240528643131,
        "iou": 0.033717911690473557
    }
}