{
    "initial": {
        "imageloss": 0.0417461097240448,
        "iou": 0.022353285923600197
    },
    "niters": 651,
    "predicted": {
        "imageloss": 0.0011921897530555725,
        "iou": 0.11162753403186798
    }
}