{
    "initial": {
        "imageloss": 0.03559010475873947,
        "iou": 0.04477743059396744
    },
    "niters": 291,
    "predicted": {
        "imageloss": 0.007883595302700996,
        "iou": 0.2628571391105652
    }
}