{
    "initial": {
        "imageloss": 0.020568808540701866,
        "iou": 0.018980076536536217
    },
    "niters": 310,
    "predicted": {
        "imageloss": 0.0010217673843726516,
        "iou": 0.2582407295703888
    }
}