{
    "initial": {
        "imageloss": 0.04033447429537773,
        "iou": 0.022353285923600197
    },
    "niters": 290,
    "predicted": {
        "imageloss": 0.000879897503182292,
        "iou": 0.1767631620168686
    }
}