{
    "initial": {
        "imageloss": 0.020559735596179962,
        "iou": 0.018980076536536217
    },
    "niters": 226,
    "predicted": {
        "imageloss": 0.0013672204222530127,
        "iou": 0.20224402844905853
    }
}