{
    "initial": {
        "imageloss": 0.0037338528782129288,
        "iou": 1.0
    },
    "niters": 274,
    "predicted": {
        "imageloss": 0.00026340485783293843,
        "iou": 1.0
    }
}