{
    "initial": {
        "imageloss": 0.020575376227498055,
        "iou": 0.018980076536536217
    },
    "niters": 673,
    "predicted": {
        "imageloss": 0.00021872000070288777,
        "iou": 0.1832352876663208
    }
}