{
    "initial": {
        "imageloss": 0.03581690043210983,
        "iou": 0.04477743059396744
    },
    "niters": 308,
    "predicted": {
        "imageloss": 0.00475396029651165,
        "iou": 0.2809545397758484
    }
}