{
    "initial": {
        "imageloss": 0.04176829755306244,
        "iou": 0.022353285923600197
    },
    "niters": 1049,
    "predicted": {
        "imageloss": 0.0008598417043685913,
        "iou": 0.1845470666885376
    }
}