{
    "initial": {
        "imageloss": 0.04177885875105858,
        "iou": 0.022353285923600197
    },
    "niters": 234,
    "predicted": {
        "imageloss": 0.001530287554487586,
        "iou": 0.06472356617450714
    }
}