{
    "initial": {
        "imageloss": 0.03559687361121178,
        "iou": 0.04477743059396744
    },
    "niters": 1449,
    "predicted": {
        "imageloss": 0.005714327096939087,
        "iou": 0.10270269960165024
    }
}