{
    "initial": {
        "imageloss": 0.020501859486103058,
        "iou": 0.013443871401250362
    },
    "niters": 261,
    "predicted": {
        "imageloss": 0.004141263663768768,
        "iou": 0.05186646059155464
    }
}