{
    "initial": {
        "imageloss": 0.020560650154948235,
        "iou": 0.018980076536536217
    },
    "niters": 405,
    "predicted": {
        "imageloss": 0.018954690545797348,
        "iou": 0.06711637228727341
    }
}