{
    "initial": {
        "imageloss": 0.03556430712342262,
        "iou": 0.04477743059396744
    },
    "niters": 249,
    "predicted": {
        "imageloss": 0.010231764987111092,
        "iou": 0.08814974129199982
    }
}