{
    "initial": {
        "imageloss": 0.020544834434986115,
        "iou": 0.018980076536536217
    },
    "niters": 274,
    "predicted": {
        "imageloss": 0.001776895485818386,
        "iou": 0.1592063158750534
    }
}