{
    "initial": {
        "imageloss": 0.021793870255351067,
        "iou": 0.013443871401250362
    },
    "niters": 257,
    "predicted": {
        "imageloss": 0.0021976435091346502,
        "iou": 0.08259408921003342
    }
}