{
    "initial": {
        "imageloss": 0.14596688747406006,
        "iou": 0.003434835933148861
    },
    "niters": 557,
    "predicted": {
        "imageloss": 0.055188070982694626,
        "iou": 0.031751181930303574
    }
}