{
    "initial": {
        "imageloss": 0.0268846582621336,
        "iou": 0.04477743059396744
    },
    "niters": 788,
    "predicted": {
        "imageloss": 0.0005434020422399044,
        "iou": 0.10582765191793442
    }
}