{
    "initial": {
        "imageloss": 0.29939505457878113,
        "iou": 0.0019549974240362644
    },
    "niters": 559,
    "predicted": {
        "imageloss": 0.06454013288021088,
        "iou": 0.04586852714419365
    }
}