{
    "initial": {
        "imageloss": 0.04181470349431038,
        "iou": 0.022353285923600197
    },
    "niters": 302,
    "predicted": {
        "imageloss": 0.0010581687092781067,
        "iou": 0.17353786528110504
    }
}