{
    "initial": {
        "imageloss": 0.035598915070295334,
        "iou": 0.04477743059396744
    },
    "niters": 821,
    "predicted": {
        "imageloss": 0.0012011784128844738,
        "iou": 0.28605034947395325
    }
}