{
    "initial": {
        "imageloss": 0.020542392507195473,
        "iou": 0.018980076536536217
    },
    "niters": 255,
    "predicted": {
        "imageloss": 0.001592431915923953,
        "iou": 0.1225263848900795
    }
}