{
    "initial": {
        "imageloss": 0.020482687279582024,
        "iou": 0.013443871401250362
    },
    "niters": 212,
    "predicted": {
        "imageloss": 0.001203947002068162,
        "iou": 0.04268893226981163
    }
}