{
    "initial": {
        "imageloss": 0.07414892315864563,
        "iou": 0.021832050755620003
    },
    "niters": 635,
    "predicted": {
        "imageloss": 0.03283488377928734,
        "iou": 0.0422036275267601
    }
}