{
    "initial": {
        "imageloss": 0.040356509387493134,
        "iou": 0.022353285923600197
    },
    "niters": 297,
    "predicted": {
        "imageloss": 0.0008428398286923766,
        "iou": 0.16417887806892395
    }
}