{
    "initial": {
        "imageloss": 0.035576485097408295,
        "iou": 0.04477743059396744
    },
    "niters": 218,
    "predicted": {
        "imageloss": 0.007865753024816513,
        "iou": 0.14451198279857635
    }
}