{
    "initial": {
        "imageloss": 0.03554299473762512,
        "iou": 0.04477743059396744
    },
    "niters": 905,
    "predicted": {
        "imageloss": 0.0009164027869701385,
        "iou": 0.18608349561691284
    }
}