{
    "initial": {
        "imageloss": 0.03557258099317551,
        "iou": 0.04477743059396744
    },
    "niters": 843,
    "predicted": {
        "imageloss": 0.002568226307630539,
        "iou": 0.10760040581226349
    }
}