{
    "initial": {
        "imageloss": 0.041727811098098755,
        "iou": 0.022353285923600197
    },
    "niters": 227,
    "predicted": {
        "imageloss": 0.0007632237393409014,
        "iou": 0.22467195987701416
    }
}