{
    "initial": {
        "imageloss": 0.021783042699098587,
        "iou": 0.013443871401250362
    },
    "niters": 253,
    "predicted": {
        "imageloss": 0.0024451129138469696,
        "iou": 0.08036640286445618
    }
}